{"stats":{"minecraft:picked_up":{"minecraft:wooden_axe":1,"minecraft:pillager_spawn_egg":2,"minecraft:iron_chestplate":1,"minecraft:feather":3,"minecraft:chicken":2,"minecraft:diamond_sword":1,"minecraft:arrow":6,"minecraft:bone":12,"minecraft:diamond_chestplate":2,"minecraft:diamond":4,"minecraft:diamond_leggings":3,"minecraft:diamond_boots":2,"minecraft:diamond_axe":2,"minecraft:diamond_helmet":2,"minecraft:enchanted_golden_apple":128,"minecraft:oak_sapling":1,"minecraft:egg":1},"minecraft:mined":{"minecraft:oak_leaves":4},"minecraft:custom":{"minecraft:time_since_rest":54025,"minecraft:damage_absorbed":292,"minecraft:sprint_one_cm":47005,"minecraft:damage_taken":583,"minecraft:walk_one_cm":44433,"minecraft:mob_kills":20,"minecraft:drop":19,"minecraft:damage_dealt":5569,"minecraft:damage_dealt_absorbed":84,"minecraft:swim_one_cm":5145,"minecraft:fly_one_cm":57245,"minecraft:crouch_one_cm":498,"minecraft:play_time":60000,"minecraft:deaths":1,"minecraft:sneak_time":1191,"minecraft:walk_under_water_one_cm":948,"minecraft:jump":490,"minecraft:walk_on_water_one_cm":4028,"minecraft:time_since_death":53991,"minecraft:total_world_time":60000,"minecraft:damage_resisted":136,"minecraft:fall_one_cm":7017},"minecraft:dropped":{"minecraft:pillager_spawn_egg":2,"minecraft:diamond_axe":2,"minecraft:diamond_chestplate":2,"minecraft:diamond":3,"minecraft:wooden_axe":1,"minecraft:diamond_leggings":2,"minecraft:diamond_helmet":2,"minecraft:diamond_boots":2,"minecraft:enchanted_golden_apple":131},"minecraft:used":{"minecraft:oak_log":4,"minecraft:wooden_axe":43,"minecraft:diamond_boots":1,"minecraft:chicken":1,"minecraft:grass_block":18,"minecraft:diamond_axe":57,"minecraft:oak_leaves":17,"minecraft:iron_chestplate":1,"minecraft:diamond_chestplate":1,"minecraft:diamond_sword":42,"minecraft:diamond_helmet":1,"minecraft:egg":1,"minecraft:enchanted_golden_apple":2,"minecraft:diamond_leggings":2},"minecraft:killed":{"minecraft:skeleton":7,"minecraft:pillager":2,"minecraft:zombie":2,"minecraft:fox":4,"minecraft:chicken":2,"minecraft:drowned":1,"minecraft:wither_skeleton":1,"minecraft:slime":1}},"DataVersion":3465}