{"stats":{"minecraft:picked_up":{"minecraft:bone":12,"minecraft:pillager_spawn_egg":2,"minecraft:iron_chestplate":1,"minecraft:arrow":6,"minecraft:feather":2,"minecraft:chicken":1,"minecraft:diamond_leggings":1,"minecraft:diamond_sword":1,"minecraft:oak_sapling":1},"minecraft:mined":{"minecraft:oak_leaves":3},"minecraft:custom":{"minecraft:deaths":1,"minecraft:time_since_rest":6025,"minecraft:crouch_one_cm":105,"minecraft:play_time":12000,"minecraft:sprint_one_cm":14571,"minecraft:damage_taken":295,"minecraft:walk_one_cm":15053,"minecraft:sneak_time":995,"minecraft:mob_kills":12,"minecraft:drop":2,"minecraft:jump":157,"minecraft:damage_dealt":3169,"minecraft:time_since_death":5991,"minecraft:walk_on_water_one_cm":256,"minecraft:total_world_time":12000,"minecraft:fall_one_cm":1708,"minecraft:fly_one_cm":16947},"minecraft:dropped":{"minecraft:pillager_spawn_egg":2},"minecraft:used":{"minecraft:iron_chestplate":1,"minecraft:diamond_sword":42,"minecraft:grass_block":4,"minecraft:chicken":1,"minecraft:diamond_leggings":1,"minecraft:wooden_axe":2,"minecraft:oak_leaves":16,"minecraft:oak_log":4},"minecraft:killed":{"minecraft:skeleton":7,"minecraft:pillager":2,"minecraft:wither_skeleton":1,"minecraft:slime":1,"minecraft:chicken":1}},"DataVersion":3465}