{"stats":{"minecraft:picked_up":{"minecraft:wooden_axe":1,"minecraft:pillager_spawn_egg":2,"minecraft:iron_chestplate":1,"minecraft:feather":2,"minecraft:chicken":1,"minecraft:diamond_sword":1,"minecraft:arrow":6,"minecraft:bone":12,"minecraft:diamond_leggings":1,"minecraft:oak_sapling":1,"minecraft:egg":1},"minecraft:mined":{"minecraft:oak_leaves":3},"minecraft:custom":{"minecraft:time_since_rest":18025,"minecraft:damage_absorbed":160,"minecraft:sprint_one_cm":21337,"minecraft:damage_taken":493,"minecraft:walk_one_cm":22753,"minecraft:mob_kills":14,"minecraft:drop":3,"minecraft:damage_dealt":4243,"minecraft:damage_dealt_absorbed":84,"minecraft:swim_one_cm":5145,"minecraft:fly_one_cm":23198,"minecraft:crouch_one_cm":498,"minecraft:play_time":24000,"minecraft:deaths":1,"minecraft:sneak_time":1163,"minecraft:walk_under_water_one_cm":948,"minecraft:jump":216,"minecraft:walk_on_water_one_cm":1881,"minecraft:time_since_death":17991,"minecraft:total_world_time":24000,"minecraft:damage_resisted":90,"minecraft:fall_one_cm":1708},"minecraft:dropped":{"minecraft:pillager_spawn_egg":2,"minecraft:wooden_axe":1},"minecraft:used":{"minecraft:oak_log":4,"minecraft:wooden_axe":39,"minecraft:chicken":1,"minecraft:grass_block":4,"minecraft:oak_leaves":16,"minecraft:iron_chestplate":1,"minecraft:diamond_sword":42,"minecraft:egg":1,"minecraft:enchanted_golden_apple":1,"minecraft:diamond_leggings":1},"minecraft:killed":{"minecraft:skeleton":7,"minecraft:pillager":2,"minecraft:zombie":1,"minecraft:fox":1,"minecraft:chicken":1,"minecraft:wither_skeleton":1,"minecraft:slime":1}},"DataVersion":3465}