{"stats":{"minecraft:picked_up":{"minecraft:wooden_axe":1,"minecraft:pillager_spawn_egg":2,"minecraft:iron_chestplate":1,"minecraft:feather":3,"minecraft:chicken":2,"minecraft:diamond_sword":2,"minecraft:grass_block":2,"minecraft:dirt":14,"minecraft:arrow":6,"minecraft:bone":12,"minecraft:diamond_chestplate":3,"minecraft:diamond":6,"minecraft:diamond_leggings":4,"minecraft:diamond_boots":3,"minecraft:diamond_axe":2,"minecraft:enchanted_golden_apple":194,"minecraft:diamond_helmet":3,"minecraft:oak_sapling":1,"minecraft:egg":1},"minecraft:mined":{"minecraft:grass":1,"minecraft:grass_block":2,"minecraft:dirt":11,"minecraft:oak_leaves":4},"minecraft:custom":{"minecraft:time_since_rest":75232,"minecraft:damage_absorbed":610,"minecraft:sprint_one_cm":72824,"minecraft:damage_taken":928,"minecraft:walk_one_cm":72021,"minecraft:interact_with_anvil":1,"minecraft:mob_kills":22,"minecraft:drop":36,"minecraft:damage_dealt":5859,"minecraft:damage_dealt_absorbed":84,"minecraft:swim_one_cm":5145,"minecraft:fly_one_cm":91268,"minecraft:crouch_one_cm":2009,"minecraft:play_time":81207,"minecraft:deaths":1,"minecraft:sneak_time":2103,"minecraft:walk_under_water_one_cm":1938,"minecraft:boat_one_cm":3381,"minecraft:jump":799,"minecraft:leave_game":1,"minecraft:walk_on_water_one_cm":5709,"minecraft:time_since_death":75198,"minecraft:total_world_time":81207,"minecraft:damage_resisted":301,"minecraft:fall_one_cm":9838},"minecraft:dropped":{"minecraft:diamond_sword":1,"minecraft:pillager_spawn_egg":2,"minecraft:diamond_axe":2,"minecraft:diamond_chestplate":3,"minecraft:diamond":5,"minecraft:wooden_axe":1,"minecraft:diamond_leggings":3,"minecraft:diamond_helmet":3,"minecraft:diamond_boots":3,"minecraft:enchanted_golden_apple":197,"minecraft:grass_block":2,"minecraft:dirt":1},"minecraft:used":{"minecraft:oak_log":4,"minecraft:sticky_piston":1,"minecraft:wooden_axe":43,"minecraft:end_rod":2,"minecraft:diamond_boots":2,"minecraft:grass_block":114,"minecraft:chicken":1,"minecraft:diamond_axe":85,"minecraft:dirt":42,"minecraft:oak_leaves":17,"minecraft:iron_chestplate":1,"minecraft:diamond_chestplate":2,"minecraft:diamond_sword":47,"minecraft:sand":1,"minecraft:anvil":1,"minecraft:oak_boat":2,"minecraft:diamond_helmet":2,"minecraft:egg":1,"minecraft:goat_spawn_egg":2,"minecraft:observer":7,"minecraft:enchanted_golden_apple":6,"minecraft:diamond_leggings":3},"minecraft:killed":{"minecraft:skeleton":7,"minecraft:pillager":2,"minecraft:goat":1,"minecraft:zombie":2,"minecraft:bee":1,"minecraft:fox":4,"minecraft:chicken":2,"minecraft:drowned":1,"minecraft:wither_skeleton":1,"minecraft:slime":1}},"DataVersion":3465}