{"stats":{"minecraft:picked_up":{"minecraft:wooden_axe":1,"minecraft:pillager_spawn_egg":2,"minecraft:iron_chestplate":1,"minecraft:feather":3,"minecraft:chicken":2,"minecraft:diamond_sword":1,"minecraft:arrow":6,"minecraft:bone":12,"minecraft:diamond":3,"minecraft:diamond_leggings":1,"minecraft:oak_sapling":1,"minecraft:egg":1},"minecraft:mined":{"minecraft:oak_leaves":4},"minecraft:custom":{"minecraft:time_since_rest":30025,"minecraft:damage_absorbed":160,"minecraft:sprint_one_cm":28932,"minecraft:damage_taken":535,"minecraft:walk_one_cm":30225,"minecraft:mob_kills":17,"minecraft:drop":4,"minecraft:damage_dealt":4868,"minecraft:damage_dealt_absorbed":84,"minecraft:swim_one_cm":5145,"minecraft:fly_one_cm":36508,"minecraft:crouch_one_cm":498,"minecraft:play_time":36000,"minecraft:deaths":1,"minecraft:sneak_time":1183,"minecraft:walk_under_water_one_cm":948,"minecraft:jump":338,"minecraft:walk_on_water_one_cm":1881,"minecraft:time_since_death":29991,"minecraft:total_world_time":36000,"minecraft:damage_resisted":102,"minecraft:fall_one_cm":2184},"minecraft:dropped":{"minecraft:pillager_spawn_egg":2,"minecraft:diamond":3,"minecraft:wooden_axe":1},"minecraft:used":{"minecraft:oak_log":4,"minecraft:wooden_axe":43,"minecraft:chicken":1,"minecraft:grass_block":17,"minecraft:diamond_axe":8,"minecraft:oak_leaves":16,"minecraft:iron_chestplate":1,"minecraft:diamond_sword":42,"minecraft:egg":1,"minecraft:enchanted_golden_apple":1,"minecraft:diamond_leggings":1},"minecraft:killed":{"minecraft:skeleton":7,"minecraft:pillager":2,"minecraft:zombie":1,"minecraft:fox":3,"minecraft:chicken":2,"minecraft:wither_skeleton":1,"minecraft:slime":1}},"DataVersion":3465}