{"stats":{"minecraft:picked_up":{"minecraft:pillager_spawn_egg":1,"minecraft:dirt":2,"minecraft:bone":7,"minecraft:arrow":5,"minecraft:diamond":5,"minecraft:bow":1,"minecraft:oak_sapling":23},"minecraft:mined":{"minecraft:oak_sapling":22,"minecraft:grass":1,"minecraft:grass_block":1,"minecraft:dirt":1,"minecraft:oak_leaves":8},"minecraft:custom":{"minecraft:time_since_rest":2213,"minecraft:walk_one_cm":50182,"minecraft:sprint_one_cm":17877,"minecraft:damage_taken":1604,"minecraft:damage_absorbed":1136,"minecraft:mob_kills":14,"minecraft:damage_dealt":6704,"minecraft:damage_dealt_absorbed":160,"minecraft:swim_one_cm":408,"minecraft:fly_one_cm":35670,"minecraft:crouch_one_cm":795,"minecraft:play_time":69608,"minecraft:deaths":2,"minecraft:sneak_time":409,"minecraft:walk_under_water_one_cm":2565,"minecraft:jump":458,"minecraft:leave_game":2,"minecraft:time_since_death":46760,"minecraft:walk_on_water_one_cm":2192,"minecraft:sleep_in_bed":1,"minecraft:total_world_time":69608,"minecraft:damage_resisted":539,"minecraft:fall_one_cm":1256},"minecraft:killed_by":{"minecraft:cave_spider":1},"minecraft:used":{"minecraft:oak_log":17,"minecraft:netherite_sword":89,"minecraft:grass_block":27,"minecraft:oak_planks":6,"minecraft:diamond_sword":1,"minecraft:dirt":2,"minecraft:bow":4,"minecraft:oak_sapling":22,"minecraft:white_bed":3,"minecraft:enchanted_golden_apple":15,"minecraft:pillager_spawn_egg":2},"minecraft:killed":{"minecraft:skeleton":4,"minecraft:fox":9,"minecraft:wither_skeleton":1}},"DataVersion":3465}