{"stats":{"minecraft:picked_up":{"minecraft:pillager_spawn_egg":1,"minecraft:birch_trapdoor":64,"minecraft:diamond_sword":1,"minecraft:grass_block":3,"minecraft:dirt":6,"minecraft:bone":7,"minecraft:arrow":5,"minecraft:diamond_chestplate":1,"minecraft:diamond":5,"minecraft:bow":1,"minecraft:diamond_leggings":1,"minecraft:diamond_boots":1,"minecraft:diamond_helmet":1,"minecraft:enchanted_golden_apple":60,"minecraft:oak_sapling":23},"minecraft:mined":{"minecraft:oak_sapling":22,"minecraft:grass":1,"minecraft:grass_block":1,"minecraft:dirt":1,"minecraft:oak_leaves":8},"minecraft:custom":{"minecraft:time_since_rest":62213,"minecraft:walk_one_cm":74957,"minecraft:sprint_one_cm":41507,"minecraft:damage_taken":1843,"minecraft:damage_absorbed":1136,"minecraft:mob_kills":14,"minecraft:drop":6,"minecraft:damage_dealt":7055,"minecraft:damage_dealt_absorbed":554,"minecraft:swim_one_cm":947,"minecraft:fly_one_cm":76929,"minecraft:crouch_one_cm":1873,"minecraft:play_time":129608,"minecraft:deaths":2,"minecraft:sneak_time":1540,"minecraft:walk_under_water_one_cm":2919,"minecraft:jump":851,"minecraft:leave_game":2,"minecraft:time_since_death":106760,"minecraft:walk_on_water_one_cm":4508,"minecraft:sleep_in_bed":1,"minecraft:total_world_time":129608,"minecraft:damage_resisted":539,"minecraft:fall_one_cm":3807},"minecraft:dropped":{"minecraft:dirt":4,"minecraft:birch_trapdoor":64,"minecraft:grass_block":1},"minecraft:killed_by":{"minecraft:cave_spider":1},"minecraft:used":{"minecraft:oak_log":17,"minecraft:netherite_sword":111,"minecraft:command_block":1,"minecraft:grass_block":92,"minecraft:oak_planks":17,"minecraft:oak_leaves":5,"minecraft:bee_spawn_egg":1,"minecraft:birch_trapdoor":20,"minecraft:diamond_sword":1,"minecraft:dirt":113,"minecraft:bow":4,"minecraft:oak_sapling":22,"minecraft:white_bed":3,"minecraft:enchanted_golden_apple":18,"minecraft:pillager_spawn_egg":2},"minecraft:killed":{"minecraft:skeleton":4,"minecraft:fox":9,"minecraft:wither_skeleton":1}},"DataVersion":3465}