{"stats":{"minecraft:picked_up":{"minecraft:pillager_spawn_egg":1,"minecraft:birch_trapdoor":64,"minecraft:dirt":2,"minecraft:bone":7,"minecraft:arrow":5,"minecraft:diamond":5,"minecraft:bow":1,"minecraft:enchanted_golden_apple":3,"minecraft:oak_sapling":23},"minecraft:mined":{"minecraft:oak_sapling":22,"minecraft:grass":1,"minecraft:grass_block":1,"minecraft:dirt":1,"minecraft:oak_leaves":8},"minecraft:custom":{"minecraft:time_since_rest":14213,"minecraft:walk_one_cm":56932,"minecraft:sprint_one_cm":32525,"minecraft:damage_taken":1843,"minecraft:damage_absorbed":1136,"minecraft:mob_kills":14,"minecraft:drop":1,"minecraft:damage_dealt":6704,"minecraft:damage_dealt_absorbed":236,"minecraft:swim_one_cm":947,"minecraft:fly_one_cm":61057,"minecraft:crouch_one_cm":906,"minecraft:play_time":81608,"minecraft:deaths":2,"minecraft:sneak_time":516,"minecraft:walk_under_water_one_cm":2919,"minecraft:jump":661,"minecraft:leave_game":2,"minecraft:time_since_death":58760,"minecraft:walk_on_water_one_cm":3302,"minecraft:sleep_in_bed":1,"minecraft:total_world_time":81608,"minecraft:damage_resisted":539,"minecraft:fall_one_cm":3807},"minecraft:dropped":{"minecraft:birch_trapdoor":64},"minecraft:killed_by":{"minecraft:cave_spider":1},"minecraft:used":{"minecraft:oak_log":17,"minecraft:netherite_sword":89,"minecraft:grass_block":56,"minecraft:oak_planks":17,"minecraft:oak_leaves":5,"minecraft:birch_trapdoor":20,"minecraft:diamond_sword":1,"minecraft:dirt":2,"minecraft:bow":4,"minecraft:oak_sapling":22,"minecraft:white_bed":3,"minecraft:enchanted_golden_apple":16,"minecraft:pillager_spawn_egg":2},"minecraft:killed":{"minecraft:skeleton":4,"minecraft:fox":9,"minecraft:wither_skeleton":1}},"DataVersion":3465}