{"stats":{"minecraft:picked_up":{"minecraft:pillager_spawn_egg":1,"minecraft:arrow":4,"minecraft:bone":5},"minecraft:custom":{"minecraft:time_since_rest":10791,"minecraft:crouch_one_cm":12,"minecraft:play_time":33608,"minecraft:sprint_one_cm":5006,"minecraft:deaths":2,"minecraft:damage_taken":404,"minecraft:walk_one_cm":18949,"minecraft:sneak_time":14,"minecraft:walk_under_water_one_cm":1289,"minecraft:mob_kills":4,"minecraft:jump":204,"minecraft:damage_dealt":5094,"minecraft:leave_game":2,"minecraft:walk_on_water_one_cm":215,"minecraft:time_since_death":10760,"minecraft:total_world_time":33608,"minecraft:fly_one_cm":19677,"minecraft:fall_one_cm":211},"minecraft:killed_by":{"minecraft:cave_spider":1},"minecraft:used":{"minecraft:oak_log":17,"minecraft:netherite_sword":59,"minecraft:diamond_sword":1,"minecraft:pillager_spawn_egg":2},"minecraft:killed":{"minecraft:skeleton":3,"minecraft:wither_skeleton":1}},"DataVersion":3465}