{"stats":{"minecraft:picked_up":{"minecraft:pillager_spawn_egg":1,"minecraft:arrow":5,"minecraft:bone":7,"minecraft:diamond":5,"minecraft:bow":1,"minecraft:oak_sapling":1,"minecraft:dirt":2},"minecraft:mined":{"minecraft:grass_block":1,"minecraft:dirt":1,"minecraft:oak_leaves":8,"minecraft:grass":1},"minecraft:custom":{"minecraft:damage_absorbed":1136,"minecraft:time_since_rest":34791,"minecraft:crouch_one_cm":795,"minecraft:play_time":57608,"minecraft:sprint_one_cm":15606,"minecraft:deaths":2,"minecraft:damage_taken":1504,"minecraft:walk_one_cm":43128,"minecraft:sneak_time":406,"minecraft:walk_under_water_one_cm":1545,"minecraft:mob_kills":14,"minecraft:jump":386,"minecraft:damage_dealt":6686,"minecraft:leave_game":2,"minecraft:walk_on_water_one_cm":2192,"minecraft:time_since_death":34760,"minecraft:total_world_time":57608,"minecraft:damage_resisted":514,"minecraft:damage_dealt_absorbed":160,"minecraft:swim_one_cm":408,"minecraft:fly_one_cm":30936,"minecraft:fall_one_cm":1256},"minecraft:killed_by":{"minecraft:cave_spider":1},"minecraft:used":{"minecraft:oak_log":17,"minecraft:netherite_sword":89,"minecraft:diamond_sword":1,"minecraft:dirt":2,"minecraft:bow":4,"minecraft:enchanted_golden_apple":13,"minecraft:pillager_spawn_egg":2},"minecraft:killed":{"minecraft:skeleton":4,"minecraft:wither_skeleton":1,"minecraft:fox":9}},"DataVersion":3465}