{"stats":{"minecraft:picked_up":{"minecraft:pillager_spawn_egg":1,"minecraft:arrow":4,"minecraft:bone":5,"minecraft:dirt":2},"minecraft:mined":{"minecraft:grass_block":1,"minecraft:dirt":1},"minecraft:custom":{"minecraft:damage_absorbed":140,"minecraft:time_since_rest":22791,"minecraft:crouch_one_cm":370,"minecraft:play_time":45608,"minecraft:sprint_one_cm":13043,"minecraft:deaths":2,"minecraft:damage_taken":579,"minecraft:walk_one_cm":26079,"minecraft:sneak_time":264,"minecraft:walk_under_water_one_cm":1545,"minecraft:mob_kills":8,"minecraft:jump":250,"minecraft:damage_dealt":5614,"minecraft:leave_game":2,"minecraft:walk_on_water_one_cm":2192,"minecraft:time_since_death":22760,"minecraft:total_world_time":45608,"minecraft:damage_resisted":35,"minecraft:swim_one_cm":408,"minecraft:fly_one_cm":23022,"minecraft:fall_one_cm":420},"minecraft:killed_by":{"minecraft:cave_spider":1},"minecraft:used":{"minecraft:oak_log":17,"minecraft:netherite_sword":65,"minecraft:diamond_sword":1,"minecraft:enchanted_golden_apple":1,"minecraft:pillager_spawn_egg":2},"minecraft:killed":{"minecraft:skeleton":3,"minecraft:wither_skeleton":1,"minecraft:fox":4}},"DataVersion":3465}